<?xml version="1.0" encoding="UTF-8"?>
<beans xmlns="http://www.springframework.org/schema/beans"
       xmlns:xsi="http://www.w3.org/2001/XMLSchema-instance"
       xmlns:context="http://www.springframework.org/schema/context"
       xmlns:task="http://www.springframework.org/schema/task" xmlns:tx="http://www.springframework.org/schema/tx"
       xsi:schemaLocation="http://www.springframework.org/schema/beans
		http://www.springframework.org/schema/beans/spring-beans-3.1.xsd
           http://www.springframework.org/schema/context http://www.springframework.org/schema/context/spring-context-3.1.xsd http://www.springframework.org/schema/task http://www.springframework.org/schema/task/spring-task-3.0.xsd http://www.springframework.org/schema/tx http://www.springframework.org/schema/tx/spring-tx-3.1.xsd">
    <bean id="placeholderConfig"
          class="org.springframework.beans.factory.config.PropertyPlaceholderConfigurer">
        <property name="location">
            <value>classpath:application.properties</value>
        </property>
    </bean>
    <!-- 引用@Autowired必须定义这个bean -->
    <bean
            class="org.springframework.beans.factory.annotation.AutowiredAnnotationBeanPostProcessor"/>
    <context:annotation-config/>
    <bean id="dataSource" class="com.mchange.v2.c3p0.ComboPooledDataSource"
          destroy-method="close">
        <property name="driverClass">
            <value>${datasource.driverClassName}</value>
        </property>
        <property name="jdbcUrl">
            <value>${datasource.url}</value>
        </property>
        <property name="user">
            <value>${datasource.username}</value>
        </property>
        <property name="password">
            <value>${datasource.password}</value>
        </property>
        <property name="acquireIncrement">
            <value>${c3p0.acquireIncrement}</value>
        </property>
        <property name="initialPoolSize">
            <value>${c3p0.initialPoolSize}</value>
        </property>
        <property name="minPoolSize">
            <value>${c3p0.minPoolSize}</value>
        </property>
        <property name="maxPoolSize">
            <value>${c3p0.maxPoolSize}</value>
        </property>
        <property name="maxIdleTime">
            <value>${c3p0.maxIdleTime}</value>
        </property>
        <property name="idleConnectionTestPeriod">
            <value>${c3p0.idleConnectionTestPeriod}</value>
        </property>
        <property name="maxStatements">
            <value>${c3p0.maxStatements}</value>
        </property>
        <property name="numHelperThreads">
            <value>${c3p0.numHelperThreads}</value>
        </property>
    </bean>
    <bean id="transactionManager"
          class="org.springframework.orm.hibernate4.HibernateTransactionManager">
        <property name="sessionFactory" ref="sessionFactory"></property>
    </bean>
     <bean id="multipartResolver"  
        class="org.springframework.web.multipart.commons.CommonsMultipartResolver">  
    </bean>  
    <bean id="sessionFactory"
          class="org.springframework.orm.hibernate4.LocalSessionFactoryBean">
        <property name="dataSource" ref="dataSource"></property>

        <property name="annotatedClasses">
            <list>
                <value>cn.me.fdfs.vo.Group</value>
                <value>cn.me.fdfs.vo.Storage</value>
                <value>cn.me.fdfs.vo.GroupHour</value>
                <value>cn.me.fdfs.vo.StorageHour</value>
                <value>cn.me.fdfs.vo.GroupDay</value>
                <value>cn.me.fdfs.vo.StorageDay</value>
                <value>cn.me.fdfs.vo.WarningData</value>
                <value>cn.me.fdfs.vo.WarningUser</value>
                <value>cn.me.fdfs.vo.User</value>
                <value>cn.me.fdfs.vo.Fdfs_file</value>
                <value>cn.me.fdfs.vo.DownloadFileRecord</value>
            </list>
        </property>
        <property name="hibernateProperties">
            <props>
                <prop key="hibernate.hbm2ddl.auto">update</prop>
                <prop key="hibernate.show_sql">true</prop>
                <prop key="hibernate.dialect">org.hibernate.dialect.MySQL5Dialect</prop>
                <prop key="hibernate.current_session_context_class">
                    org.springframework.orm.hibernate4.SpringSessionContext
                </prop>
            </props>
        </property>
    </bean>
    <context:component-scan base-package="cn.me.fdfs"/>
    <tx:annotation-driven transaction-manager="transactionManager"/>
    <task:annotation-driven executor="myExecutor" scheduler="myScheduler"/>
    <task:executor id="myExecutor" pool-size="5"/>
    <task:scheduler id="myScheduler" pool-size="10"/>
</beans>