<?xml version="1.0" encoding="UTF-8"?>
<beans xmlns="http://www.springframework.org/schema/beans"
       xmlns:xsi="http://www.w3.org/2001/XMLSchema-instance"
       xmlns:context="http://www.springframework.org/schema/context"
       xsi:schemaLocation="
	http://www.springframework.org/schema/beans
	http://www.springframework.org/schema/beans/spring-beans-3.1.xsd
	http://www.springframework.org/schema/context
	http://www.springframework.org/schema/context/spring-context-3.1.xsd">
    <context:component-scan base-package="cn.me.fdfs.action"/>
    <bean id="viewResolver" class="org.springframework.web.servlet.view.UrlBasedViewResolver">
        <property name="viewClass" value="org.springframework.web.servlet.view.JstlView"/>
        <property name="prefix" value="/WEB-INF/content/"/>
        <!--<property name="suffix" value=".jsp"></property>   -->
    </bean>
    <bean class="org.springframework.web.servlet.mvc.annotation.AnnotationMethodHandlerAdapter">
        <property name="messageConverters">
            <list>
                <bean class="org.springframework.http.converter.json.MappingJacksonHttpMessageConverter" />
            </list>
        </property>
    </bean>
    <bean class="org.springframework.web.servlet.mvc.annotation.DefaultAnnotationHandlerMapping">
        <property name="interceptors">
            <bean class="cn.me.fdfs.interceptor.SysInterceptor"/>
        </property>
    </bean>
</beans>