<?xml version="1.0" encoding="UTF-8"?>
<beans xmlns="http://www.springframework.org/schema/beans"
       xmlns:xsi="http://www.w3.org/2001/XMLSchema-instance"
       xmlns:mvc="http://www.springframework.org/schema/mvc"
       xmlns:context="http://www.springframework.org/schema/context"
       xmlns:tx="http://www.springframework.org/schema/tx"
       xmlns:aop="http://www.springframework.org/schema/aop"
       xsi:schemaLocation="http://www.springframework.org/schema/beans http://www.springframework.org/schema/beans/spring-beans-4.2.xsd
                           http://www.springframework.org/schema/aop http://www.springframework.org/schema/aop/spring-aop-4.2.xsd
                           http://www.springframework.org/schema/context http://www.springframework.org/schema/context/spring-context-4.2.xsd
                           http://www.springframework.org/schema/tx http://www.springframework.org/schema/tx/spring-tx-4.2.xsd
                           http://www.springframework.org/schema/beans http://www.springframework.org/schema/beans/spring-beans-4.2.xsd
                           http://www.springframework.org/schema/mvc http://www.springframework.org/schema/mvc/spring-mvc-4.2.xsd">


    <context:property-placeholder location="classpath:config.properties"/>

    <context:annotation-config/>

    <context:component-scan base-package="**.*.controllers" />

    <context:component-scan base-package="**.*.service"/>

    <!--文件解析器-->
    <bean id="multipartResolver" class="org.springframework.web.multipart.commons.CommonsMultipartResolver">
        <property name="maxUploadSize" value="62914560" />
        <property name="defaultEncoding" value="UTF-8" />
    </bean>

    <!-- Enables the Spring MVC @Controller programming model -->
    <!-- <mvc:annotation-driven /> -->
    <mvc:annotation-driven />

</beans>
