<configuration scan="true" scanPeriod="3 seconds">

    <appender name="STDOUT" class="ch.qos.logback.core.ConsoleAppender">
        <encoder>
            <pattern>%d{yyyy-MM-dd HH:mm:ss.SSS} %-5level [%X{userId}] [%X{requestId}] %logger - %msg%n</pattern>
        </encoder>
    </appender>

    <root level="DEBUG">
        <appender-ref ref="STDOUT" />
        <!-- <appender-ref ref="stash" /> -->
    </root>
    <logger name="org.activiti.engine" level="INFO" additivity="false">
        <appender-ref ref="STDOUT" />
    </logger>
    <logger name="org.activiti.spring.SpringTransactionInterceptor" level="INFO" additivity="false">
        <appender-ref ref="STDOUT" />
    </logger>
    <logger name="org.apache.ibatis.transaction.managed.ManagedTransaction" level="INFO" additivity="false">
        <appender-ref ref="STDOUT" />
    </logger>
    <logger name="org.quartz.core.QuartzSchedulerThread" level="INFO" additivity="false">
        <appender-ref ref="STDOUT" />
    </logger>
    <logger name="org.springframework.scheduling.quartz.LocalDataSourceJobStore" level="INFO" additivity="false">
        <appender-ref ref="STDOUT" />
    </logger>
    <logger name="org.quartz.impl.jdbcjobstore.StdRowLockSemaphore" level="INFO" additivity="false">
        <appender-ref ref="STDOUT" />
    </logger>
</configuration>